employee,monthly_salary
Lolly McSprinkle,9025.25
Pixie Peppermint,11707.04
Ginger Gumdrop,7461.39
Lulu Licorice,10255.86
Sprinkle Bea,10015.51
Taffy Twinkleton,6307.0
Dizzy Dandelion,11182.62
Caramel Clementine,11191.56
Gingersnap Gwen,10421.23
Tootsie McGiggly,12768.55
Sugarplum Sally,9049.12
Sunny Sassafras,9284.06
Truffle Tilda,12077.28
Bonbon Bella,7780.55
Gumdrop Grace,8415.12
Merry Marzipan,8594.73
Chuckles Choco,9616.77
Zippy Licorice,7577.84
Chuck ChocoChip,12440.11
Maple Marshmallow,8494.06
Cocoa Clement,7403.57
Cherry Chewella,8787.77
Scooter Snickerdoodle,8996.03
Gummy Gus,7663.39
Chompers McSweet,13192.52
Wiggles Wafflecone,10385.06
Whimsy Whiskers,10950.31
Poppi Lollipop,7877.06
Snickersnack Sam,8699.34
Twinkle Taffybell,9821.14
Sassy Sourstripe,10636.93
Jellybean Juniper,7226.7
Nifty Nougatine,11215.72
Fizzwick Frost,6520.82
Nougat Nelly,6657.0
Misty Mallow,6618.04
Benny Bonbon,10379.85
Candyfloss Claire,9327.71
Muffin McMint,12900.68
Nibbles Nectarine,10834.09
Twirly Tina,9984.29
Twizzle Taffeta,11524.21
