from,to,cost_per_unit_shipped,transportation_method,congestion_level
1,2,22,Wind-powered Ships,87
1,3,6,Cargo Ships (Heavy Fuel Oil),38
1,4,24,Cargo Ships (Heavy Fuel Oil),97
2,4,18,Diesel Rail,91
2,5,7,Electric/Hybrid Trucks,83
2,6,21,Wind-powered Ships,86
2,7,12,Wind-powered Ships,96
3,2,19,Cargo Ships (Heavy Fuel Oil),99
3,4,15,Cargo Ships (Heavy Fuel Oil),101
3,6,20,Diesel Trucks,94
4,1,16,Diesel Rail,84
4,2,7,Air Freight,84
4,3,23,Cargo Ships (Heavy Fuel Oil),21
4,6,14,Electric/Hybrid Trucks,81
5,1,24,Air Freight,70
5,6,9,Cargo Ships (Heavy Fuel Oil),72
6,1,19,Diesel Trucks,105
6,2,8,Air Freight,99
6,3,5,Electrified Rail,33
6,5,11,Air Freight,86
7,1,16,Electrified Rail,93
7,3,8,Air Freight,86
7,5,22,Slow Steaming Cargo Ships,88
7,6,13,Cargo Ships (Heavy Fuel Oil),91
